uid,cost,availability,reputation,speed,coverd_regions,facility,number_places,rating
1,4.207794768675604,0.5899861813527226,0.6704046904095001,98.59795324811836,['1'],car,4,5
2,1.5703505328978125,0.4485946735300561,0.48568435546199507,89.1293083242937,['2'],bus,6,3
3,3.7801783395874424,0.395183700943323,0.5463986627212781,99.14661914658217,['1'],car,6,5
4,1.3556780708672596,0.630115806648252,0.3138716784712272,105.77286150698743,['2'],bus,6,5
5,3.237885832209974,0.5385854939919834,0.25732358527540183,97.48098993882117,"['1', '0']",bus,4,5
