R_st,FCA,PSO,random,CPSO,CRO
2,6.87061636,4.723807655,5.386219842,4.210775134,5.87061636
4,7.402156431,5.151232509,6.228114258,4.399281518,6.402156431
6,8.808058376,6.127341129,6.758541704,4.90565993,6.908058376
8,10.1196635,6.81777536,8.209585258,5.090603737,7.1196635
10,11.30252884,7.679920518,9.018303841,5.19345575,8.30252884
12,12.37472748,8.216181252,9.068799673,5.256897649,10.37472748
