best_fintess,cost,availability,reputation,time
4.5172782925193165,240.813038244886,0.8003130761715525,0.0017334695436545255,1.4618198995118648
4.5172782925193165,240.813038244886,0.8003130761715525,0.0017334695436545255,1.4618198995118648
4.5172782925193165,240.813038244886,0.8003130761715525,0.0017334695436545255,1.4618198995118648
4.5172782925193165,240.813038244886,0.8003130761715525,0.0017334695436545255,1.4618198995118648
4.5172782925193165,240.813038244886,0.8003130761715525,0.0017334695436545255,1.4618198995118648
