best_fintess,cost,availability,reputation,time
24.184839250809297,3.6365155159836138,0.7600834638388854,0.023977474695476668,92.31878054871922
23.836222615676643,3.4551107060532784,0.3835320765172505,0.026747055337400183,91.47950062479865
23.836222615676643,3.4551107060532784,0.3835320765172505,0.026747055337400183,91.47950062479865
23.836222615676643,3.4551107060532784,0.3835320765172505,0.026747055337400183,91.47950062479865
23.836222615676643,3.4551107060532784,0.3835320765172505,0.026747055337400183,91.47950062479865
