Iteraitons,PSO,CPSO,CRO,time_CPSO,time_PSO
100,5.636720026,5.402221533,5.97812011,111.7558022,13.18416071
200,5.327041787,4.852221532,5.817812011,256.6670802,32.41790032
300,5.277840022,4.692221533,5.717812011,360.2186401,48.23071337
400,5.154892424,4.432215328,5.700812011,476.270611,82.19761968
500,4.939718219,4.402221533,5.617812011,556.9838037,87.39819384
600,4.839718219,4.382221533,5.417812011,654.5712917,109.6126397
700,4.739718219,4.372221533,5.317812011,771.4650557,114.1517227
800,4.739718219,4.372221533,4.807812011,874.8251646,95.13970685
900,4.699718219,4.382221533,4.707812011,971.8286438,150.9769711
1000,4.699718219,4.372221533,4.707812011,111.4600976,16.49105763
